,Free Cash Flow,Repurchase Of Capital Stock,Repayment Of Debt,Issuance Of Debt,Issuance Of Capital Stock,Capital Expenditure,Interest Paid Supplemental Data,Income Tax Paid Supplemental Data,End Cash Position,Beginning Cash Position,Effect Of Exchange Rate Changes,Changes In Cash,Financing Cash Flow,Cash Flow From Continuing Financing Activities,Net Other Financing Charges,Cash Dividends Paid,Common Stock Dividend Paid,Net Common Stock Issuance,Common Stock Payments,Common Stock Issuance,Net Issuance Payments Of Debt,Net Short Term Debt Issuance,Short Term Debt Payments,Short Term Debt Issuance,Net Long Term Debt Issuance,Long Term Debt Payments,Long Term Debt Issuance,Investing Cash Flow,Cash Flow From Continuing Investing Activities,Net Intangibles Purchase And Sale,Purchase Of Intangibles,Net PPE Purchase And Sale,Sale Of PPE,Purchase Of PPE,Operating Cash Flow,Cash Flow From Continuing Operating Activities,Change In Working Capital,Change In Other Working Capital,Change In Payables And Accrued Expense,Change In Accrued Expense,Change In Payable,Change In Account Payable,Change In Inventory,Change In Receivables,Other Non Cash Items,Stock Based Compensation,Deferred Tax,Deferred Income Tax,Depreciation Amortization Depletion,Depreciation And Amortization,Operating Gains Losses,Gain Loss On Sale Of PPE,Net Income From Continuing Operations
2023-12-31,44964000.0,-14518000.0,-4990000000.0,5404571000.0,,-242411000.0,73844000.0,98792000.0,503471000.0,270805000.0,-8487000.0,241153000.0,189267000.0,189267000.0,-1493000.0,-209293000.0,-209293000.0,-14518000.0,-14518000.0,,414571000.0,-185000000.0,-4990000000.0,4805000000.0,599571000.0,0.0,599571000.0,-235489000.0,-235489000.0,0.0,0.0,-235489000.0,6922000.0,-242411000.0,287375000.0,287375000.0,-50803000.0,-91987000.0,111028000.0,115673000.0,-4645000.0,-4645000.0,44821000.0,-114665000.0,3267000.0,45647000.0,-47782000.0,-47782000.0,306454000.0,306454000.0,857000.0,857000.0,29735000.0
2022-12-31,310610000.0,-618480000.0,-2051081000.0,2383618000.0,,-425961000.0,46159000.0,94605000.0,270805000.0,588050000.0,-8664000.0,-308581000.0,-620704000.0,-620704000.0,1469000.0,-336230000.0,-336230000.0,-618480000.0,-618480000.0,,332537000.0,185000000.0,-1850000000.0,2035000000.0,147537000.0,-201081000.0,348618000.0,-424448000.0,-424448000.0,-1900000.0,-1900000.0,-422548000.0,1513000.0,-424061000.0,736571000.0,736571000.0,-92713000.0,9732000.0,60051000.0,-167723000.0,227774000.0,227774000.0,-229643000.0,67147000.0,2587000.0,50978000.0,16528000.0,16528000.0,283800000.0,283800000.0,10989000.0,3581000.0,464402000.0
2021-12-31,817383000.0,-906208000.0,0.0,0.0,3074000.0,-289639000.0,36372000.0,177317000.0,588050000.0,826980000.0,5474000.0,-244404000.0,-1064112000.0,-1064112000.0,3021000.0,-160925000.0,-160925000.0,-906208000.0,-906208000.0,3074000.0,0.0,0.0,0.0,0.0,0.0,0.0,0.0,-287314000.0,-287314000.0,0.0,0.0,-287314000.0,2325000.0,-289639000.0,1107022000.0,1107022000.0,127657000.0,-134135000.0,393387000.0,102345000.0,291042000.0,291042000.0,-124139000.0,-7456000.0,-7985000.0,63067000.0,58786000.0,58786000.0,259933000.0,259933000.0,8949000.0,8949000.0,596615000.0
2020-12-31,701882000.0,-469691000.0,-1102568000.0,1347092000.0,3270000.0,-267806000.0,34011000.0,146073000.0,834992000.0,418665000.0,-467000.0,416794000.0,-285997000.0,-285997000.0,-4483000.0,-56347000.0,-56347000.0,-469691000.0,-469691000.0,3270000.0,244524000.0,0.0,-500000000.0,500000000.0,244524000.0,-602568000.0,847092000.0,-266897000.0,-266897000.0,-230000.0,-230000.0,-266667000.0,909000.0,-267576000.0,969688000.0,969688000.0,118963000.0,-15569000.0,294995000.0,78507000.0,216488000.0,216488000.0,-101449000.0,-59014000.0,1467000.0,45271000.0,8136000.0,8136000.0,250081000.0,250081000.0,52749000.0,4727000.0,493021000.0
