,Free Cash Flow,Repurchase Of Capital Stock,Repayment Of Debt,Issuance Of Debt,Capital Expenditure,Interest Paid Supplemental Data,Income Tax Paid Supplemental Data,End Cash Position,Beginning Cash Position,Effect Of Exchange Rate Changes,Changes In Cash,Financing Cash Flow,Cash Flow From Continuing Financing Activities,Net Other Financing Charges,Net Common Stock Issuance,Common Stock Payments,Net Issuance Payments Of Debt,Net Short Term Debt Issuance,Short Term Debt Payments,Short Term Debt Issuance,Net Long Term Debt Issuance,Long Term Debt Payments,Long Term Debt Issuance,Investing Cash Flow,Cash Flow From Continuing Investing Activities,Net Other Investing Changes,Net Investment Purchase And Sale,Sale Of Investment,Purchase Of Investment,Net Business Purchase And Sale,Sale Of Business,Purchase Of Business,Net Intangibles Purchase And Sale,Purchase Of Intangibles,Net PPE Purchase And Sale,Purchase Of PPE,Operating Cash Flow,Cash Flow From Continuing Operating Activities,Change In Working Capital,Change In Other Working Capital,Change In Other Current Liabilities,Change In Other Current Assets,Change In Payables And Accrued Expense,Change In Prepaid Assets,Change In Receivables,Changes In Account Receivables,Other Non Cash Items,Stock Based Compensation,Provisionand Write Offof Assets,Asset Impairment Charge,Amortization Of Securities,Deferred Tax,Deferred Income Tax,Depreciation Amortization Depletion,Depreciation And Amortization,Operating Gains Losses,Gain Loss On Investment Securities,Gain Loss On Sale Of PPE,Net Income From Continuing Operations
2024-12-31,239527000.0,0.0,-375000000.0,125000000.0,-80891000.0,61034000.0,28152000.0,89305000.0,108273000.0,,-18968000.0,-259448000.0,-259448000.0,-9448000.0,0.0,0.0,-250000000.0,,,,-250000000.0,-375000000.0,125000000.0,-79938000.0,-79938000.0,-6763000.0,7716000.0,9099000.0,-1383000.0,0.0,0.0,0.0,0.0,0.0,-80891000.0,-80891000.0,320418000.0,320418000.0,85909000.0,-12650000.0,44431000.0,-8443000.0,-154890000.0,-1976000.0,219437000.0,223449000.0,9441000.0,23317000.0,3296000.0,222457000.0,,-51067000.0,-51067000.0,173779000.0,173779000.0,265000.0,200000.0,65000.0,-146979000.0
2023-12-31,266778000.0,-424744000.0,-355300000.0,815000000.0,-105387000.0,48101000.0,78256000.0,108273000.0,137872000.0,0.0,-29599000.0,10729000.0,10729000.0,-24227000.0,-424744000.0,-424744000.0,459700000.0,460000000.0,-355000000.0,815000000.0,459700000.0,-355300000.0,815000000.0,-412493000.0,-412493000.0,-24902000.0,9894000.0,9894000.0,0.0,-292098000.0,77000.0,-292175000.0,-1700000.0,-1700000.0,-103687000.0,-103687000.0,372165000.0,372165000.0,-50131000.0,-80693000.0,-10248000.0,1020000.0,-183517000.0,-1542000.0,224849000.0,221056000.0,13335000.0,18020000.0,23913000.0,0.0,,-12933000.0,-12933000.0,160927000.0,160927000.0,8355000.0,302000.0,8053000.0,210679000.0
2022-12-31,572811000.0,-576767000.0,0.0,0.0,-80922000.0,37518000.0,213807000.0,137872000.0,246714000.0,0.0,-108842000.0,-591865000.0,-591865000.0,-15098000.0,-576767000.0,-576767000.0,0.0,0.0,0.0,0.0,0.0,0.0,0.0,-170710000.0,-170710000.0,-21518000.0,1232000.0,14384000.0,-13152000.0,-69502000.0,68000.0,-69570000.0,-5091000.0,-5091000.0,-75831000.0,-75831000.0,653733000.0,653733000.0,-558000.0,-14604000.0,-126566000.0,17985000.0,48782000.0,53806000.0,20039000.0,28914000.0,7371000.0,30066000.0,57999000.0,0.0,,-24615000.0,-24615000.0,137111000.0,137111000.0,2309000.0,749000.0,1560000.0,444050000.0
2021-12-31,251693000.0,-2688000.0,-91875000.0,70000000.0,-53663000.0,38085000.0,106379000.0,246714000.0,83990000.0,-335000.0,163059000.0,-34895000.0,-34895000.0,-10332000.0,-2688000.0,-2688000.0,-21875000.0,0.0,-70000000.0,70000000.0,-21875000.0,-21875000.0,0.0,-107402000.0,-107402000.0,-8994000.0,-3059000.0,57660000.0,-60719000.0,-41686000.0,78000.0,-41764000.0,-90000.0,-90000.0,-53573000.0,-53573000.0,305356000.0,305356000.0,-143494000.0,133904000.0,122685000.0,-18737000.0,256118000.0,-58788000.0,-578676000.0,-585267000.0,-83000.0,25217000.0,6263000.0,,-52000.0,-16287000.0,-16287000.0,103697000.0,103697000.0,2655000.0,-52000.0,2707000.0,327388000.0
2020-12-31,,,,,,,,,,-112000.0,,,,,,,,0.0,-245000000.0,245000000.0,,,,,,,,,,,,,,,,,,,,,,,,,,,,,,,-109000.0,,,,,,,,
