,Tax Effect Of Unusual Items,Tax Rate For Calcs,Normalized EBITDA,Total Unusual Items,Total Unusual Items Excluding Goodwill,Net Income From Continuing Operation Net Minority Interest,Reconciled Depreciation,Reconciled Cost Of Revenue,EBITDA,EBIT,Net Interest Income,Interest Expense,Normalized Income,Net Income From Continuing And Discontinued Operation,Total Expenses,Total Operating Income As Reported,Diluted Average Shares,Basic Average Shares,Diluted EPS,Basic EPS,Diluted NI Availto Com Stockholders,Net Income Common Stockholders,Net Income,Net Income Including Noncontrolling Interests,Net Income Continuous Operations,Tax Provision,Pretax Income,Other Income Expense,Special Income Charges,Impairment Of Capital Assets,Net Non Operating Interest Income Expense,Interest Expense Non Operating,Operating Income,Operating Expense,Depreciation Amortization Depletion Income Statement,Depreciation And Amortization In Income Statement,Selling General And Administration,General And Administrative Expense,Other Gand A,Salaries And Wages,Gross Profit,Cost Of Revenue,Total Revenue,Operating Revenue
2024-12-31,-33368550.0,0.15,293563000.0,-222457000.0,-222457000.0,-146979000.0,173779000.0,2057729000.0,71106000.0,-102673000.0,-69901000.0,69901000.0,42109450.0,-146979000.0,2863997000.0,-102673000.0,38188000.0,38188000.0,-3.85,-3.85,-146979000.0,-146979000.0,-146979000.0,-146979000.0,-146979000.0,-25595000.0,-172574000.0,-222457000.0,-222457000.0,222457000.0,-69901000.0,69901000.0,119784000.0,799592000.0,167103000.0,167103000.0,632489000.0,632489000.0,609172000.0,23317000.0,919376000.0,2064405000.0,2983781000.0,2983781000.0
2023-12-31,0.0,0.26,499356000.0,0.0,0.0,210679000.0,160927000.0,2533660000.0,499356000.0,338429000.0,-54140000.0,54140000.0,210679000.0,210679000.0,3450825000.0,338429000.0,39341000.0,39173000.0,5.36,5.38,210679000.0,210679000.0,210679000.0,210679000.0,210679000.0,73610000.0,284289000.0,,0.0,0.0,-54140000.0,54140000.0,338429000.0,911152000.0,154914000.0,154914000.0,756238000.0,756238000.0,738218000.0,18020000.0,1249581000.0,2539673000.0,3789254000.0,3789254000.0
2022-12-31,0.0,0.268093,784212000.0,0.0,0.0,444050000.0,137111000.0,3522454000.0,784212000.0,647101000.0,-40398000.0,40398000.0,444050000.0,444050000.0,4596141000.0,647101000.0,44870000.0,44591000.0,9.9,9.96,444050000.0,444050000.0,444050000.0,444050000.0,444050000.0,162653000.0,606703000.0,,0.0,0.0,-40398000.0,40398000.0,647101000.0,1069583000.0,133007000.0,133007000.0,936576000.0,936576000.0,906510000.0,30066000.0,1716684000.0,3526558000.0,5243242000.0,5243242000.0
2021-12-31,0.0,0.262508,581695000.0,,,327388000.0,103697000.0,2672089000.0,581695000.0,477998000.0,-34077000.0,34077000.0,327388000.0,327388000.0,3506237000.0,477998000.0,48045000.0,47685000.0,6.81,6.87,327388000.0,327388000.0,327388000.0,327388000.0,327388000.0,116533000.0,443921000.0,,,,-34077000.0,34077000.0,477998000.0,831603000.0,101152000.0,101152000.0,730451000.0,730451000.0,705234000.0,25217000.0,1309601000.0,2674634000.0,3984235000.0,3984235000.0
