,Free Cash Flow,Repurchase Of Capital Stock,Repayment Of Debt,Issuance Of Debt,Capital Expenditure,Interest Paid Supplemental Data,Income Tax Paid Supplemental Data,End Cash Position,Beginning Cash Position,Effect Of Exchange Rate Changes,Changes In Cash,Financing Cash Flow,Cash Flow From Continuing Financing Activities,Net Other Financing Charges,Cash Dividends Paid,Common Stock Dividend Paid,Net Common Stock Issuance,Common Stock Payments,Net Issuance Payments Of Debt,Net Short Term Debt Issuance,Short Term Debt Payments,Short Term Debt Issuance,Net Long Term Debt Issuance,Long Term Debt Payments,Long Term Debt Issuance,Investing Cash Flow,Cash Flow From Continuing Investing Activities,Net Other Investing Changes,Net PPE Purchase And Sale,Sale Of PPE,Purchase Of PPE,Operating Cash Flow,Cash Flow From Continuing Operating Activities,Change In Working Capital,Change In Other Working Capital,Change In Other Current Liabilities,Change In Other Current Assets,Change In Payables And Accrued Expense,Change In Payable,Change In Account Payable,Change In Tax Payable,Change In Income Tax Payable,Change In Inventory,Stock Based Compensation,Asset Impairment Charge,Deferred Tax,Deferred Income Tax,Depreciation Amortization Depletion,Depreciation And Amortization,Operating Gains Losses,Net Income From Continuing Operations
2024-01-31,495625000.0,0.0,-77972000.0,,-157797000.0,24891000.0,120448000.0,909685000.0,527569000.0,-2923000.0,385039000.0,-111201000.0,-111201000.0,-33229000.0,,,0.0,0.0,-77972000.0,,,,-77972000.0,-77972000.0,,-157182000.0,-157182000.0,,-157182000.0,615000.0,-157797000.0,653422000.0,653422000.0,124854000.0,-19840000.0,-6897000.0,33623000.0,82925000.0,,,,,35043000.0,40122000.0,8289000.0,-4743000.0,-4743000.0,141104000.0,141104000.0,8383000.0,335413000.0
2023-01-31,-166909000.0,-125775000.0,-7862000.0,0.0,-164566000.0,26687000.0,53011000.0,527569000.0,834368000.0,-8452000.0,-298347000.0,-155329000.0,-155329000.0,-21692000.0,0.0,0.0,-125775000.0,-125775000.0,-7862000.0,0.0,0.0,0.0,-7862000.0,-7862000.0,0.0,-140675000.0,-140675000.0,12000000.0,-152675000.0,11891000.0,-164566000.0,-2343000.0,-2343000.0,-199997000.0,-25885000.0,9458000.0,-86923000.0,-115152000.0,-115152000.0,-115152000.0,,,18505000.0,28995000.0,14031000.0,11500000.0,11500000.0,132243000.0,132243000.0,500000.0,10385000.0
2022-01-31,180803000.0,-377290000.0,-46969000.0,0.0,-96979000.0,28413000.0,74709000.0,834368000.0,1124157000.0,-23694000.0,-266095000.0,-446898000.0,-446898000.0,-22639000.0,0.0,0.0,-377290000.0,-377290000.0,-46969000.0,0.0,0.0,0.0,-46969000.0,-46969000.0,0.0,-96979000.0,-96979000.0,,-96979000.0,0.0,-96979000.0,277782000.0,277782000.0,-156168000.0,-96913000.0,-14340000.0,396000.0,77910000.0,77910000.0,77910000.0,,,-123221000.0,29304000.0,12100000.0,-31922000.0,-31922000.0,144035000.0,144035000.0,10367000.0,270066000.0
2021-01-31,303008000.0,-15172000.0,-443250000.0,560000000.0,-101910000.0,26629000.0,15210000.0,1124157000.0,692264000.0,9168000.0,422725000.0,69717000.0,69717000.0,-19305000.0,-12556000.0,-12556000.0,-15172000.0,-15172000.0,116750000.0,0.0,-210000000.0,210000000.0,116750000.0,-233250000.0,350000000.0,-51910000.0,-51910000.0,50000000.0,-101910000.0,0.0,-101910000.0,404918000.0,404918000.0,215633000.0,-44947000.0,1889000.0,38632000.0,186747000.0,186747000.0,186747000.0,10753000.0,10753000.0,33312000.0,18682000.0,72937000.0,23986000.0,23986000.0,166281000.0,166281000.0,16353000.0,-108954000.0
