,Free Cash Flow,Repurchase Of Capital Stock,Repayment Of Debt,Issuance Of Debt,Issuance Of Capital Stock,Capital Expenditure,Interest Paid Supplemental Data,Income Tax Paid Supplemental Data,End Cash Position,Beginning Cash Position,Effect Of Exchange Rate Changes,Changes In Cash,Financing Cash Flow,Cash Flow From Continuing Financing Activities,Net Other Financing Charges,Proceeds From Stock Option Exercised,Net Common Stock Issuance,Common Stock Payments,Common Stock Issuance,Net Issuance Payments Of Debt,Net Short Term Debt Issuance,Short Term Debt Payments,Short Term Debt Issuance,Net Long Term Debt Issuance,Long Term Debt Payments,Investing Cash Flow,Cash Flow From Continuing Investing Activities,Net PPE Purchase And Sale,Sale Of PPE,Purchase Of PPE,Operating Cash Flow,Cash Flow From Continuing Operating Activities,Change In Working Capital,Change In Other Working Capital,Change In Other Current Liabilities,Change In Other Current Assets,Change In Payables And Accrued Expense,Change In Accrued Expense,Change In Payable,Change In Account Payable,Change In Tax Payable,Change In Income Tax Payable,Change In Prepaid Assets,Change In Inventory,Change In Receivables,Changes In Account Receivables,Other Non Cash Items,Excess Tax Benefit From Stock Based Compensation,Stock Based Compensation,Asset Impairment Charge,Deferred Tax,Deferred Income Tax,Depreciation Amortization Depletion,Depreciation And Amortization,Amortization Cash Flow,Amortization Of Intangibles,Depreciation,Operating Gains Losses,Gain Loss On Sale Of PPE,Net Income From Continuing Operations
2024-03-31,943819000.0,-424905000.0,,,2444000.0,-89365000.0,1783000.0,234062000.0,1502051000.0,981795000.0,-5922000.0,526178000.0,-417675000.0,-417675000.0,,4786000.0,-422461000.0,-424905000.0,2444000.0,,,,,,,-89331000.0,-89331000.0,-89331000.0,34000.0,-89365000.0,1033184000.0,1033184000.0,167806000.0,-567000.0,-5222000.0,-9989000.0,198151000.0,43534000.0,154617000.0,119601000.0,35016000.0,35016000.0,-38490000.0,58541000.0,-34618000.0,4157000.0,2496000.0,,37288000.0,9968000.0,-1510000.0,-1510000.0,57166000.0,57166000.0,2208000.0,2208000.0,54958000.0,407000.0,407000.0,759563000.0
2023-03-31,456397000.0,-314060000.0,0.0,0.0,2170000.0,-81025000.0,1880000.0,135986000.0,981795000.0,843527000.0,-9110000.0,147378000.0,-309031000.0,-309031000.0,-1537000.0,4396000.0,-311890000.0,-314060000.0,2170000.0,0.0,0.0,0.0,0.0,0.0,0.0,-81013000.0,-81013000.0,-81013000.0,12000.0,-81025000.0,537422000.0,537422000.0,-54302000.0,-8308000.0,17600000.0,13240000.0,-57822000.0,11528000.0,-69350000.0,-74247000.0,4897000.0,4897000.0,-5609000.0,-26056000.0,12653000.0,-806000.0,2662000.0,,26897000.0,4800000.0,-9719000.0,-9719000.0,47345000.0,47345000.0,2228000.0,2228000.0,45117000.0,2917000.0,2691000.0,516822000.0
2022-03-31,121336000.0,-370677000.0,0.0,0.0,1991000.0,-51017000.0,1842000.0,192090000.0,843527000.0,1089361000.0,304000.0,-246138000.0,-367482000.0,-367482000.0,,1204000.0,-368686000.0,-370677000.0,1991000.0,0.0,0.0,0.0,0.0,0.0,0.0,-51009000.0,-51009000.0,-51009000.0,8000.0,-51017000.0,172353000.0,172353000.0,-325997000.0,3189000.0,999000.0,-28296000.0,44320000.0,-20370000.0,64690000.0,89184000.0,-24494000.0,-24494000.0,-19095000.0,-228554000.0,-98560000.0,-86627000.0,1552000.0,,26816000.0,2844000.0,-27796000.0,-27796000.0,42878000.0,42878000.0,,,42878000.0,107000.0,107000.0,451949000.0
2021-03-31,563999000.0,-106579000.0,-40379000.0,9100000.0,1502000.0,-32218000.0,2931000.0,104068000.0,1089361000.0,649436000.0,5458000.0,434467000.0,-129581000.0,-129581000.0,,6775000.0,-105077000.0,-106579000.0,1502000.0,-31279000.0,-378000.0,-9478000.0,9100000.0,-30901000.0,-30901000.0,-32169000.0,-32169000.0,-32169000.0,49000.0,-32218000.0,596217000.0,596217000.0,136374000.0,250000.0,530000.0,-3103000.0,158778000.0,53785000.0,104993000.0,79176000.0,25817000.0,25817000.0,-22128000.0,33378000.0,-31331000.0,-33173000.0,530000.0,-586000.0,22701000.0,20659000.0,-8171000.0,-8171000.0,40530000.0,40530000.0,,,40530000.0,1019000.0,1019000.0,382575000.0
2020-03-31,,,-69800000.0,69336000.0,,,,,,,,,,,,,,,,-464000.0,139000.0,-69197000.0,69336000.0,-603000.0,-603000.0,,,,,,,,,,,,,,,,,,,,,,,-1953000.0,,,,,,,,,,,,
