,Free Cash Flow,Repurchase Of Capital Stock,Repayment Of Debt,Issuance Of Debt,Issuance Of Capital Stock,Capital Expenditure,Interest Paid Supplemental Data,Income Tax Paid Supplemental Data,End Cash Position,Beginning Cash Position,Changes In Cash,Financing Cash Flow,Cash Flow From Continuing Financing Activities,Net Other Financing Charges,Proceeds From Stock Option Exercised,Cash Dividends Paid,Common Stock Dividend Paid,Net Common Stock Issuance,Common Stock Payments,Common Stock Issuance,Net Issuance Payments Of Debt,Net Short Term Debt Issuance,Short Term Debt Payments,Short Term Debt Issuance,Net Long Term Debt Issuance,Long Term Debt Payments,Long Term Debt Issuance,Investing Cash Flow,Cash Flow From Continuing Investing Activities,Net Other Investing Changes,Net PPE Purchase And Sale,Sale Of PPE,Purchase Of PPE,Capital Expenditure Reported,Operating Cash Flow,Cash Flow From Continuing Operating Activities,Change In Working Capital,Change In Payables And Accrued Expense,Change In Prepaid Assets,Change In Receivables,Changes In Account Receivables,Other Non Cash Items,Stock Based Compensation,Asset Impairment Charge,Deferred Tax,Deferred Income Tax,Depreciation Amortization Depletion,Depletion,Operating Gains Losses,Gain Loss On Investment Securities,Gain Loss On Sale Of Business,Net Income From Continuing Operations
2024-12-31,-1631793000.0,-86056000.0,-1299118000.0,2495299000.0,3201000.0,-3414307000.0,88389000.0,26904000.0,0.0,616164000.0,-616164000.0,1008493000.0,1008493000.0,-12976000.0,-6837000.0,-85020000.0,,-82855000.0,-86056000.0,3201000.0,1196181000.0,,,,1196181000.0,-1299118000.0,2495299000.0,-3407171000.0,-3407171000.0,7136000.0,-2103677000.0,,-2103677000.0,-1310630000.0,1782514000.0,1782514000.0,11208000.0,109271000.0,-12535000.0,-85528000.0,-85528000.0,41176000.0,25021000.0,,174986000.0,174986000.0,809305000.0,,-49475000.0,-49958000.0,,770293000.0
2023-12-31,475052000.0,-228105000.0,0.0,0.0,3058000.0,-1099342000.0,86947000.0,8975000.0,616164000.0,444998000.0,171166000.0,-304543000.0,-304543000.0,,-7882000.0,-71614000.0,,-225047000.0,-228105000.0,3058000.0,0.0,,,,0.0,0.0,0.0,-1098685000.0,-1098685000.0,657000.0,-109931000.0,,-109931000.0,-989411000.0,1574394000.0,1574394000.0,-4551000.0,8077000.0,-2437000.0,-10191000.0,-10191000.0,30232000.0,20250000.0,0.0,88256000.0,88256000.0,690481000.0,,-68154000.0,-68154000.0,,817880000.0
2022-12-31,806465000.0,-57207000.0,-584946000.0,0.0,3039000.0,-879941000.0,134240000.0,10576000.0,444998000.0,332716000.0,112282000.0,-693861000.0,-693861000.0,-9981000.0,-25129000.0,-19637000.0,-19637000.0,-54168000.0,-57207000.0,3039000.0,-584946000.0,,,,-584946000.0,-584946000.0,0.0,-880263000.0,-880263000.0,-322000.0,-7000.0,,-7000.0,-879934000.0,1686406000.0,1686406000.0,-72063000.0,-109562000.0,-1055000.0,38554000.0,38554000.0,-686709000.0,18772000.0,7468000.0,269057000.0,269057000.0,603780000.0,603780000.0,441617000.0,374012000.0,,1111952000.0
2021-12-31,481610000.0,-9072000.0,-2376276000.0,2225271000.0,2639000.0,-678162000.0,136606000.0,864000.0,332716000.0,10000.0,332706000.0,-159831000.0,-159831000.0,-9072000.0,,-2393000.0,-2393000.0,-6433000.0,-9072000.0,2639000.0,-151005000.0,-93000000.0,-1925500000.0,1832500000.0,-151005000.0,-2376276000.0,2225271000.0,-667235000.0,-667235000.0,10927000.0,-3321000.0,10927000.0,-3321000.0,-674841000.0,1159772000.0,1159772000.0,117411000.0,218238000.0,220000.0,-101047000.0,-101047000.0,-735436000.0,18819000.0,35000000.0,9565000.0,9565000.0,774386000.0,774386000.0,903798000.0,901659000.0,,36229000.0
2020-12-31,,,,,,,,,,,,,,-15068000.0,,,-2276000.0,,,,,-29500000.0,-1476500000.0,1447000000.0,,,,,,,,92000.0,,,,,,,,,,,,1016013000.0,,,,784987000.0,,,-91000.0,
